Index	NumberPSM	Gene	MaxPepProb	ReferenceIntensity	sample-01	sample-02	sample-03	sample-04	sample-05	sample-06	sample-07	sample-08	sample-09	sample-10	RefInt_/project/hanigan/Data/Proteomics/09242025_B/Replicate_2/fragpipe_output
A0A2R8Y4L2	1	HNRNPA1L3	0.9941	18.974118533181578	19.676083542219583	NA	NA	18.59806748813358	16.69198886812117	19.75198622454343	NA	18.011332011741047	17.519334307923085	17.342806864191918	18.974118533181578
A0A8I5KQE6	1	RPSA2	0.9808	12.336006451675642	12.389363934516021	NA	12.785539921903787	NA	12.356595290722174	12.298721397935877	14.917912879869085	12.528756419891735	12.337940326947932	12.074739509344663	12.336006451675642
A6NCW0	1	USP17L3	0.9995	22.120765355616506	23.011667396205862	NA	22.30439675900981	20.82565969532747	21.64198814308367	21.75530801512375	NA	21.179144513224145	21.583441845465057	20.918870934641184	22.120765355616506
A6NNZ2	2	TUBB8B	0.9962	23.147121967104663	23.245336831101753	NA	22.16681827063594	24.429394871567048	22.389287490034437	23.231192098110505	23.69573006529382	23.09383739675129	23.54919285787471	23.227206620077716	23.147121967104663
A6PVI3	1	NCBP2L	0.9855	18.936262847328333	19.21777999247036	NA	19.571094002459265	NA	18.940867203318344	19.224258584667826	NA	17.987695956581607	18.169896375404587	18.665265006052355	18.936262847328333
L0R8F8	1	MIEF1	0.9618	23.512862686084482	22.48534667853217	NA	22.600304146144424	22.426857069899548	23.19255084111274	23.38410357728414	23.92856043189949	24.2452193285133	26.04080922339119	23.908762007204114	23.512862686084482
O00232	1	PSMD12	0.9851	17.68862237674017	17.763178916638925	NA	18.35197374290461	NA	17.479038562853074	17.596982425969095	NA	17.199228789288828	17.35282441206777	17.88744643963615	17.68862237674017
O00264	1	PGRMC1	0.9426	21.44891784440434	21.490963562568705	NA	22.119013534762914	21.57694969036482	21.879609312094793	21.45704938747273	NA	21.395278511630593	21.886131815065518	21.362913631472335	21.44891784440434
O00330	5	PDHX	0.9999	23.54134031301616	22.73656825859303	22.449320575179343	23.928992707938065	23.64324358680952	23.1031268277632	22.109335145022772	24.161445689127277	24.25349064184251	26.011410822163533	23.61722327014848	23.54134031301616
O00422	1	SAP18	0.9722	20.85306339893343	21.127988751834437	NA	21.2675775827478	21.293971724087857	21.523097229665943	20.70687567863153	20.696467061389736	20.98646272423639	20.85112952366114	21.888140793327683	20.85306339893343
O00567	1	NOP56	0.9997	15.706203723454205	15.676240626434904	NA	NA	16.8562976358815	15.34381025286963	15.956848684947301	NA	15.788821997534662	14.973207252395044	15.392187531382005	15.706203723454205
O14979	1	HNRNPDL	0.9663	22.51931122806923	22.29761029378002	NA	21.909199961923772	NA	22.306400052348668	21.922995897206793	NA	23.165034274424933	23.48425299090798	22.902080945760886	22.51931122806923
O15371	1	EIF3D	0.9681	15.107811059497138	15.233026301627673	NA	14.903362485468612	NA	14.965582698582013	15.069385495272007	NA	14.57240232830095	15.38891912563897	14.9347465426157	15.107811059497138
O15479	1	MAGEB2	0.9993	16.704487279778593	16.49129556346544	NA	17.22003804206282	NA	16.34517988606235	16.750519815833403	NA	17.187264147941907	16.489967092875727	16.44483269264483	16.704487279778593
O43143	1	DHX15	0.994	19.092271627176856	19.19155487914573	NA	18.940075758595594	NA	18.105024777623267	18.70581095836234	NA	19.240515560430314	19.744759154309076	18.5976930269586	19.092271627176856
O43181	1	NDUFS4	0.971	17.530305062552184	17.038447654564056	NA	NA	17.944131002924436	17.424977850687622	17.41407926200907	18.354287063852993	17.624272977932122	19.13428067959594	18.001260135853265	17.530305062552184
O43678	1	NDUFA2	0.9624	19.063926788655913	18.142807177068892	NA	18.088674551854222	NA	19.005489359558638	17.806471885498382	20.354544217058358	19.28026280978684	21.440995089959774	19.858889212059246	19.063926788655913
O43818	1	RRP9	0.9986	20.5214989631151	20.729673291545737	NA	20.24550334756034	NA	19.745848330377743	20.87148225482314	NA	19.35859458786126	19.816544066138963	19.998434367513095	20.5214989631151
O60218	2	AKR1B10	0.9989	22.545915145513806	22.466750209602516	NA	22.17838491817354	21.560816253827	22.124623108328276	23.29292476973211	NA	22.499906707700127	22.02681087107501	22.33804292873383	22.545915145513806
O60568	1	PLOD3	0.9968	17.620772054011862	17.9926219279742	NA	17.005346105774446	17.804498137463696	15.867394576283361	17.671413714944112	NA	17.664475204290753	18.022942304622937	17.18649084488164	17.620772054011862
O60701	1	UGDH	0.9997	21.561105179884056	21.923374856863703	NA	21.728730131743863	NA	20.004072400917	21.447240246885915	NA	21.23079830873825	21.32241511389568	20.97292717534112	21.561105179884056
O60814	6	H2BC12	0.9994	27.290625426407093	28.303243525333887	27.337614182114397	26.739871897910128	27.37325743399766	26.60986633935487	27.018106158882123	27.769685120087097	26.39893094585718	26.582607246732817	27.136128716709514	27.290625426407093
O60884	1	DNAJA2	0.9738	15.703200740739419	15.844618365855634	NA	15.92573619790848	16.228932383371347	15.72052927386264	15.820575327137988	NA	15.627609827877464	15.340986684667564	15.966758753024946	15.703200740739419
O60911	1	CTSV	0.9969	20.668203207357394	20.877560209745905	NA	21.27334093687008	NA	20.73901497989415	20.2908594233344	NA	20.44407452182504	20.612376612774877	20.236336781498373	20.668203207357394
O75347	1	TBCA	0.9945	21.95149665429204	21.7813955429031	NA	22.214739398918056	NA	21.004237723421124	22.581026772940273	NA	21.422991749362488	21.827865506224	20.963967822034252	21.95149665429204
O75369	6	FLNB	0.997	23.616749500857367	24.24002545448847	NA	22.839005470575405	24.20866454459424	22.59899662861955	24.11016405529781	NA	22.313522646339635	21.682318073168517	22.09720317369763	23.616749500857367
O75380	1	NDUFS6	0.9876	21.605239697194467	21.556941250797212	21.056366304868092	21.091843158152777	21.182073783557623	21.99205480039706	21.050246875565385	22.513805767352245	22.097816862314044	23.649677824505144	22.812335802736644	21.605239697194467
O75390	3	CS	0.9999	24.09876409401008	23.676377867477512	23.579186655226444	23.809465575603248	23.286204470085003	24.216336314683524	23.152698779609533	23.742970022329303	25.124473486206753	26.364177219646457	24.316823157119938	24.09876409401008
O75533	1	SF3B1	0.9976	20.650894410033338	20.471244315649464	NA	18.823015093311888	NA	NA	21.14571287009455	NA	18.628971831955607	NA	17.688815989423286	20.650894410033338
O75534	1	CSDE1	0.9951	17.79425648571739	18.098674967447003	NA	17.497138968945293	NA	18.153052659407656	17.53891081537635	NA	17.43789488785106	17.76737324199065	16.885529450961663	17.79425648571739
O75821	1	EIF3G	0.9925	20.277252489862953	20.483424517222183	NA	20.143475789592177	NA	19.587895644144258	20.534198185010553	NA	19.759709675254758	18.943181073863304	19.654719018855644	20.277252489862953
O75955	1	FLOT1	0.9899	20.238950331656667	19.53411861667962	NA	20.51443949989191	NA	21.367379596167073	19.49332972519266	20.016688951250607	20.422522304333317	20.49923466176024	21.866685287618434	20.238950331656667
O76031	1	CLPX	0.9999	16.798443322579367	16.497859293659456	NA	16.16849156366549	16.39889816912175	16.360200540817978	17.169946243517305	NA	17.126466536822942	17.07672692011714	17.500339059989972	16.798443322579367
O94906	1	PRPF6	0.9863	14.90401957035624	13.35440091453381	NA	NA	15.936424564858255	15.193152511136462	15.744279304181108	NA	14.655050850655506	NA	NA	14.90401957035624
O94973	1	AP2A2	0.9883	17.112333995870546	17.17982910593498	NA	17.072681202773495	NA	16.73793454734556	17.330061627125023	NA	16.57928437219488	16.82523406039228	17.069673465635468	17.112333995870546
O95139	1	NDUFB6	0.9764	20.034485657160975	19.565115418774077	NA	19.680285505464045	NA	20.425339167949403	19.612840458515013	NA	20.145465102303756	20.70430669783834	20.621691135997388	20.034485657160975
O95777	1	LSM8	0.9688	15.716884929739749	15.976313602699369	NA	16.52473332044308	16.526157981022642	16.391730272123063	15.949704949063165	15.720625785190908	15.244945004970576	15.432137065458317	16.66191262180951	15.716884929739749
O95810	1	CAVIN2	0.9879	18.85697484237191	18.85556245116654	19.070704078811985	19.312781959265354	NA	20.02341503559556	19.352659251279714	19.048212542210987	18.543641382888218	18.666565906462274	19.70689531761331	18.85697484237191
O95831	2	AIFM1	0.9999	22.864634098027704	23.268828793293583	NA	22.482449412008325	22.459557114912442	23.774537865457784	22.25880164293414	22.584909448493	23.15230900473285	22.745104954653144	23.49232760121631	22.864634098027704
P00338	1	LDHA	0.9841	21.396533708238668	21.72856263864112	NA	22.183266281920858	NA	20.767198911209363	21.68862365258162	NA	20.711732123235922	19.27173707850815	20.658040509704854	21.396533708238668
P00403	2	MT-CO2	0.9984	23.98835632233808	23.070451033751958	NA	22.995844603681515	22.28671707206726	24.79849338919862	22.544018252346273	23.26580350363784	23.848224244180457	23.707174644168628	25.825266013917297	23.98835632233808
P00558	4	PGK1	0.9987	21.865309651032916	20.289142020337884	22.122169234236797	21.71821451020788	20.539022372631987	21.925252875592506	20.529321485343495	21.893054958313584	22.936571383852048	24.687884257882526	22.24752686174959	21.865309651032916
P02545	10	LMNA	1.0	25.382251117494164	26.01560623100619	NA	25.03100338272966	26.234648268277972	24.16181042759716	25.371417613902587	25.87794355012902	22.704832121072673	22.13232940779877	23.628534070369927	25.382251117494164
P02751	1	FN1	0.9853	20.40149595087297	20.456166792423076	NA	20.11465815153599	NA	19.26141220408416	20.761965387618847	NA	20.026737298424887	19.746531796516688	19.999485831913155	20.40149595087297
P02768	1	ALB	0.9645	19.45883399587593	19.299016474534366	NA	20.186727025741295	NA	19.330235419251277	19.354595367111944	NA	20.55851716714692	17.78892676825467	19.05276704614459	19.45883399587593
P02786	1	TFRC	0.9843	20.561936994382613	20.919904763457147	NA	21.03037397692108	NA	19.720396572215023	20.629077671342593	NA	19.710926278280073	19.51506189495329	19.431238821278047	20.561936994382613
P04083	2	ANXA1	0.9997	23.36771588031719	23.42480157074596	NA	23.070102477861052	NA	22.994887110413764	23.621128534687262	NA	22.808651557003465	22.32706450467061	22.6429926166876	23.36771588031719
P04259	1	KRT6B	0.9762	18.953174535103493	18.069441340137132	18.29587922588933	18.784080846114687	20.417240637675775	22.162010605419542	18.542788052559104	20.70640563783921	19.227081654428726	18.993356558859666	18.17199180593054	18.953174535103493
P04264	10	KRT1	1.0	25.914472334364056	25.021597589195594	28.259947838404866	27.82391398850106	29.193557246451892	27.105255591873465	24.80144092399056	29.242605539613372	26.244565438862494	25.607457046076348	25.540892033597082	25.914472334364056
P04406	5	GAPDH	1.0	25.02052784885511	25.407773376811004	24.799060200470603	25.09379949375601	25.345128299708964	24.7271566865835	25.04125210105127	24.895701679344896	24.783136843785886	23.811261857015644	23.97761653101405	25.02052784885511
P04439	1	HLA-A	0.9994	21.94025426514975	22.22406672853043	NA	21.538230259334405	NA	21.868394928362978	22.13300715154893	NA	20.919732732242267	21.318174747951677	21.51444750002041	21.94025426514975
P04843	2	RPN1	0.9999	22.03852901647824	22.33159205310756	22.202738394024163	22.1845503406597	22.124223801950308	22.133004382457194	22.09023209063692	20.606692639922148	22.142504900321523	21.872089877749268	22.38722606553649	22.03852901647824
P05141	1	SLC25A5	0.954	24.140274854431787	23.718052870459122	NA	24.831646544980817	NA	24.181582669734542	24.18698252498723	NA	24.295998731194068	23.750467115470645	24.06911353380652	24.140274854431787
P05204	3	HMGN2	1.0	25.06281545360733	24.424548204042942	NA	25.088922101039945	NA	22.88949535622984	23.228669389551584	NA	23.759785945268177	23.386679777212784	24.293492523915152	25.06281545360733
P05387	2	RPLP2	0.9967	22.84169661362305	21.6419212720945	NA	22.326548348647894	22.076751709940986	24.94037110345651	22.84506849924679	22.04507386921545	22.190876800215175	21.28112092915741	24.468152535161405	22.84169661362305
P05496	1	ATP5MC1	0.9848	24.649384087530876	23.70732279238925	NA	23.12433613784648	23.29735955335767	25.68994478011688	23.154530043894013	23.700524304898565	25.736629156706936	26.173593385269683	26.233631383305823	24.649384087530876
P05783	3	KRT18	0.9998	23.074597736102316	23.350453355755633	NA	23.256890165110146	22.566456907460466	23.171458286493444	23.409642803962495	22.89301082933596	23.559944829714468	23.317664626507824	23.362730898263724	23.074597736102316
P05787	2	KRT8	0.9989	24.075136290274298	24.5612950232792	23.839760605883694	24.111935898397636	23.734359369714586	23.631720677776684	24.20954564771874	22.384664643127728	24.200544204362977	22.837150588834547	23.775369027568008	24.075136290274298
P05997	1	COL5A2	0.9987	17.863722201537783	16.707917105433104	NA	NA	NA	17.517603571963573	17.501861564278645	NA	18.50189118376529	18.229389082154274	18.26743068131358	17.863722201537783
P06454	1	PTMA	0.9801	25.31569617453006	24.69386564291894	NA	NA	NA	24.94438911838872	25.531507405161516	NA	24.023390779559712	NA	NA	25.31569617453006
P06576	7	ATP5F1B	0.9997	22.814968137719184	22.42808844210996	22.289035825664158	22.586646300862377	22.42072035881724	22.15749047631874	21.79704863053668	22.882223494686727	23.754141520376482	23.56913067348925	22.876204358347135	22.814968137719184
P06703	1	S100A6	0.9816	19.24625774857495	19.294325334657568	NA	19.93388924771817	19.349717035941406	19.623392838945268	19.574615425076775	NA	19.153748169584524	18.851514069128847	18.9910640697581	19.24625774857495
P06733	6	ENO1	0.9941	22.6420544542143	22.913322614963942	23.270269562629572	22.658786150647934	22.443460046779734	22.483312357071796	22.909849584264308	22.602943677969474	22.296886419996582	22.01121169851152	22.780126755963153	22.6420544542143
P06748	12	NPM1	0.9996	26.61849569898116	27.16697631369898	27.003494636080834	26.202300847708525	26.128420395825206	24.241086800773367	26.852340551809995	26.5567928774093	22.952105392770896	25.66340275570751	24.666778487433046	26.61849569898116
P06753	1	TPM3	0.958	19.987898090382394	20.91568254756613	20.94825517231717	20.51033325931308	21.052273004530747	20.83970234461201	20.31460414600944	20.09072647217356	20.597298487051443	19.064470985398902	20.0356444527796	19.987898090382394
P07099	1	EPHX1	0.9888	20.549805867334083	20.561603144105753	NA	21.157168949081314	20.888506072077238	21.805842207344362	20.77570908610633	NA	20.917273534535592	19.27445426036873	20.345404566496043	20.549805867334083
P07237	10	P4HB	1.0	24.42507094128373	24.527538532733004	23.254755629868566	24.594514474533554	24.39754288425387	24.24452716205175	24.65812577788858	24.837215903591737	24.69478576614101	23.50892217848423	24.22636476163514	24.42507094128373
P07339	1	CTSD	0.9976	21.655351750962538	22.085888574024736	NA	21.923740440891667	20.477764483461183	21.434232022988056	21.954924320318938	NA	21.316420032492616	21.437317915686005	21.378618676664928	21.655351750962538
P07355	2	ANXA2	1.0	23.29603365500338	23.567400509115316	24.075648304984586	24.357372930502837	25.106607269711894	24.09801849122972	23.267615210761413	25.05464100999571	23.47060170322966	22.731014154839936	23.20295519271615	23.29603365500338
P07686	1	HEXB	0.9817	18.30958931532158	18.412263685426847	NA	18.267328043988773	NA	17.697375427350142	18.436797693369776	NA	18.08834487841762	17.99759886323503	17.631161633919593	18.30958931532158
P07814	1	EPRS1	0.9821	20.432572993321806	20.373318416563702	NA	20.62289926259818	20.627283758111435	20.273109276574534	20.77679406679982	20.532474487315252	20.706488264076352	21.196352236374523	21.089321922182357	20.432572993321806
P07900	6	HSP90AA1	0.9999	23.7559700006314	24.30089536334974	NA	22.992851671012367	22.368008369597014	22.13325394526297	23.443665320808023	22.458756836039566	23.013911723168782	23.027656775679624	22.08314204789574	23.7559700006314
P07910	3	HNRNPC	0.9968	24.861535541228385	25.085649941251027	NA	24.48691421860278	25.121643768519395	23.358640343391084	25.438350352567806	NA	23.99434892539592	23.2592958688548	24.231971712340112	24.861535541228385
P07919	2	UQCRH	1.0	23.98598912222066	23.547014867256674	21.862726168655726	22.54158075735168	23.365990777032554	25.447797710071242	23.758641793448206	23.94798876183029	23.835389067007036	25.288677861061966	25.446615093328962	23.98598912222066
P07954	2	FH	0.9919	22.74544570105968	23.072985895583386	NA	21.998339849973494	23.29258081882972	22.122909030944278	22.604759889542688	22.551137776385048	23.39238979158752	22.38602396905013	22.167937366447568	22.74544570105968
P08238	1	HSP90AB1	0.9876	17.984491613103035	NA	NA	19.1403314603847	NA	18.61087090207593	NA	NA	17.610439080826993	NA	NA	17.984491613103035
P08559	12	PDHA1	1.0	26.210229793129017	24.857752546376513	NA	25.865898719153282	25.29740995829249	25.9169976528682	25.106108395364043	26.157176580745475	26.53870951410245	28.94297349056509	25.82957966522951	26.210229793129017
P08670	13	VIM	1.0	26.374624430315894	27.039734805998858	28.059407589859816	26.33015551386027	26.89146641873	25.792384872543277	26.068841056301714	26.029049676959872	25.638421603982053	25.846006943304815	25.386166398140695	26.374624430315894
P09001	2	MRPL3	0.9942	19.961922036058358	19.52380520122124	NA	20.10269843826006	NA	19.8884376281606	19.66458028909314	20.34774932903428	20.33306373515319	21.694667452593457	20.13648706148448	19.961922036058358
P09012	1	SNRPA	0.9972	20.627752391559504	21.141165448337304	NA	19.328074786691612	NA	19.761698955722586	21.139255119339776	NA	19.542377750741124	19.532776350898246	19.589915018466645	20.627752391559504
P09234	1	SNRPC	0.99	19.34158819490886	19.504845671984903	NA	18.374599390583317	19.208785454500894	19.255639181793477	20.042274204764347	NA	19.029421056817124	19.13920163865353	19.044369077184818	19.34158819490886
P09382	2	LGALS1	0.9954	21.69344136060545	21.967140574033923	NA	21.52083441834503	NA	21.84509120799645	21.661603998988063	NA	20.99385590734361	21.488944626354087	21.100346643586523	21.69344136060545
P09496	1	CLTA	0.9997	21.348729234661562	21.101612892258444	NA	20.12611620381441	20.214364950955826	21.556499712499807	22.10317395305292	NA	20.543365698950144	20.604884128601228	22.503131576559277	21.348729234661562
P09543	2	CNP	0.9897	18.081198576432644	18.329000627333922	NA	17.39345675153698	NA	17.548722839495966	18.149707208162628	18.388283992657676	17.50801641810741	17.412691561966387	17.54543876578971	18.081198576432644
P09622	15	DLD	1.0	25.421867924002402	24.12245210849005	25.45757678264146	24.906745561086204	25.297557492704804	24.887369728497372	23.76956170508134	26.738981361196167	25.187740823898956	28.64614076947542	25.289959905571536	25.421867924002402
P09874	3	PARP1	0.9991	21.47460975756913	21.30103488958405	NA	20.985496345230402	NA	20.554962442859512	21.376831393127045	22.643466779989662	21.463540599892003	22.49422226257673	21.512011468084978	21.47460975756913
P0C0S5	1	H2AZ1	0.9885	18.481598079966176	18.651033727398236	NA	NA	19.17345953279045	18.82913761328225	18.663229554658344	18.607278906346	17.78950084361277	17.658021877330818	18.732134044793828	18.481598079966176
P0C0S8	3	H2AC11	0.9986	24.714582139120928	25.834284392637155	25.638749890529592	24.417747297079018	25.856640585535466	24.402552050638832	24.82618146868575	25.704350452415945	23.324131982353734	23.163858547759865	23.93336836978837	24.714582139120928
P0DMV8	3	HSPA1A	1.0	21.98340403799436	22.170486395988835	22.701708467333784	21.092689651105413	22.04731943186367	21.690880157247133	22.925041339322433	21.77054898109356	21.783853953434807	20.019148822091136	21.76574321174038	21.98340403799436
P0DPI2	1	GATD3	0.9635	19.967585823734414	20.511588844198375	NA	20.494330005451914	19.967585823734414	19.930660322981034	20.250463961076104	18.644036123249084	20.026342362503456	19.390752286322936	19.660383976507195	19.967585823734414
P10412	3	H1-4	1.0	23.913749402971586	23.275666608007313	23.7234463117401	23.519648347741725	23.145701841305655	24.747121231243728	24.004828139139732	24.434766016073954	23.659886266716118	22.53145778103712	25.364049989644474	23.913749402971586
P10515	5	DLAT	0.9989	24.24331873950165	22.779519484473028	24.29208161626102	25.168717092556314	23.671903972750634	24.7775897593027	23.24539539090497	25.580614776999337	25.176995985019577	26.223164271808923	23.679750418023406	24.24331873950165
P10599	2	TXN	0.9981	22.935846034315784	22.89693769406896	NA	22.901901393597193	NA	23.247084902488208	23.12550580632424	NA	22.891738056823858	22.402214334410296	22.561669820295247	22.935846034315784
P10606	1	COX5B	0.9997	22.100845943893795	21.509174610137165	NA	22.449362606874647	22.892069773785543	23.669375902118787	21.47240025488077	22.488486677183904	22.568495587152093	22.468921425101517	22.810452198187097	22.100845943893795
P10809	22	HSPD1	1.0	28.21610853055304	28.14638632297298	27.13970110794268	27.736511616867492	28.406444386737608	28.525644371249005	28.21879240798181	27.815216079038905	29.31736222681454	28.89156446431054	28.013797643553783	28.21610853055304
P11021	11	HSPA5	1.0	26.10760144169709	26.568711532150132	26.308817240649418	26.120532909930613	26.752366725314843	26.489852393083595	26.2575127300784	25.691103123114353	25.9143075770265	25.144429403778073	25.796301199659837	26.10760144169709
P11142	3	HSPA8	0.9994	22.074058170118196	22.540915464352555	NA	20.85128916638374	21.32701327960929	21.9239257915979	21.724137936869486	22.31365163999549	21.598628361171283	21.045066167097172	21.8917312426791	22.074058170118196
P11169	1	SLC2A3	0.975	15.695068734023216	15.902743229383042	NA	16.742811175855547	NA	15.751201843285708	15.73674881324469	NA	15.473590993143338	15.357405997071185	15.14494608195875	15.695068734023216
P11177	1	PDHB	0.9595	19.802504374587347	18.90031276000204	NA	18.23997639573466	18.956078270734444	18.08498911800456	18.727266484253434	19.28244355673169	20.643262227728577	21.986501732259566	18.70367917429648	19.802504374587347
P11940	4	PABPC1	0.992	22.97137659184612	23.131166548660044	NA	22.511950150933696	22.503605454131442	22.65057031037595	22.976948761360074	NA	22.64867490597481	22.6718136509921	23.220328541805184	22.97137659184612
P12236	6	SLC25A6	0.9999	25.93724396685262	25.978487774427347	24.89761354277666	25.740109635723794	26.200888355509107	26.471496843469254	25.589936063087226	25.088696178186826	26.679335519839444	25.608270655173875	26.2844236947408	25.93724396685262
P13010	2	XRCC5	0.9975	17.25485664472893	16.796361822590363	17.55998030797055	17.29688270247615	18.68946827627043	17.454078067349105	17.097277030133558	19.04003786199213	17.007132524634645	17.057886641417138	17.4422309679561	17.25485664472893
P13639	2	EEF2	0.9999	21.63128438469351	21.99518185438131	NA	21.598882796943148	NA	20.85852932879538	22.009350728047558	21.627292158428375	21.615316354655477	20.421649990165868	20.477638530101128	21.63128438469351
P13645	5	KRT10	1.0	25.729506688857576	26.001074020731537	26.174032828589958	26.664319086263692	27.985608377110562	26.878879666170143	25.82051822997033	27.79490964661534	25.89968408063418	25.828128933326585	25.50953785857685	25.729506688857576
P13647	2	KRT5	0.9996	21.31561933088063	21.33535287940901	22.54634392161206	22.589169997986513	23.332633614948705	21.975474309048185	20.96331066820956	22.603067372696742	21.509826504345636	21.51713740439027	21.8863483245643	21.31561933088063
P13667	2	PDIA4	0.9989	22.070909620803924	22.53493031742095	NA	21.590942107901526	22.777293890133475	21.65044740723903	22.407628285721156	22.29819424085159	21.566826131964017	20.67828909729826	21.09446187516822	22.070909620803924
P13804	2	ETFA	0.9787	24.227553056022785	24.468215548150962	NA	25.141646096950794	23.516238493957374	23.51260316898564	24.353791289445915	NA	23.936634798745317	23.00063978202709	23.29401754597934	24.227553056022785
P14314	1	PRKCSH	0.9945	19.923535392963707	20.365394948493407	20.335476375880255	19.523508403000637	20.557708105651102	20.014590386848003	20.196855327075408	NA	20.049443523140773	20.0878562073702	19.251365442549663	19.923535392963707
P14618	2	PKM	0.991	22.24109071113625	22.695098417525713	NA	22.515098709321496	22.777041330022133	22.81277907224565	22.512561493892388	21.96372779376293	22.250217182368825	21.81608903993698	22.073779150819803	22.24109071113625
P14625	6	HSP90B1	1.0	23.27915139099258	23.41628223981229	25.13996792381067	22.532741043594722	23.800758267392553	23.210506466464356	23.50950013942101	24.92412461430506	23.539004793945015	22.706231834482455	22.284028484378744	23.27915139099258
P14854	2	COX6B1	0.9829	23.843703397882177	23.20665892177986	NA	23.476371425091177	24.372976606232825	26.17203743573723	23.599617332571885	24.260389866919883	23.31694495990008	24.644549961513984	24.97504947653248	23.843703397882177
P14866	1	HNRNPL	0.9925	20.74052193605281	21.25646673399571	NA	20.68837318993732	NA	19.840563818533525	21.09893455607158	NA	19.87228998231929	18.43695876032084	19.045116291582207	20.74052193605281
P15311	2	EZR	0.9996	22.891827876344255	23.128609689236644	NA	22.65529895006365	23.06812641619616	23.06668184433933	22.995559983227917	23.05838847731566	22.928583998640768	23.210028292118437	23.19071974295053	22.891827876344255
P15531	1	NME1	0.9938	17.46695168653069	17.567772109404782	17.117896778100075	16.503406609556	17.076020612195947	16.543886581636578	17.575552713533988	17.091446009245942	17.547309221146605	16.584845299232487	19.113728612524653	17.46695168653069
P16615	2	ATP2A2	0.9992	23.028878142613646	23.199197797265757	23.79961388546305	23.47688003803912	24.318976458544537	23.793178295350508	22.833195122926593	23.589392741934216	23.24815766349957	22.907726378180115	23.13413088807638	23.028878142613646
P17844	2	DDX5	0.9976	20.664783457140864	20.634248627915333	NA	20.744647701463666	NA	19.52046835424391	20.234313587734896	NA	20.29250713445834	20.996228752373383	20.048040726028745	20.664783457140864
P18124	1	RPL7	0.935	19.961716890879813	20.152637211382796	NA	19.961716890879813	19.943007232922586	20.131463371732185	20.046044028333874	18.843609342808342	20.347795907355128	20.065783843699375	20.36231835813501	19.961716890879813
P18621	3	RPL17	0.9941	22.605228183821676	21.721587559746215	22.0147995194786	21.686504377299315	21.84585099110096	23.439861626283815	22.880494438871782	22.989365084235484	23.573724853702043	23.210928809182967	24.436700733522343	22.605228183821676
P19338	11	NCL	1.0	25.564392886018013	26.284388675598745	26.195963103239485	25.801290401423856	26.69931082752937	23.506742718140345	25.727248458467837	25.657175900560972	23.70894516805341	23.51343851965703	24.035360583536562	25.564392886018013
P19388	1	POLR2E	0.9987	19.694986517984994	19.65009318697719	NA	19.840794792806744	NA	19.690618679071164	19.879971618578015	NA	19.21155121645732	19.54420748406081	19.369743317512345	19.694986517984994
P20618	1	PSMB1	0.9839	15.948840669395734	15.94984104054793	NA	15.87879568098944	NA	15.126232751499371	16.106603950748458	NA	15.989631054982631	16.36208646890023	15.168358609883914	15.948840669395734
P20674	2	COX5A	0.9913	22.65423761002321	22.15046031491501	21.695946098678306	22.51422774205928	22.133829001274837	24.66438144169899	22.728971538138527	22.940676578930606	22.458792817270947	23.234276973832337	23.460946373933954	22.65423761002321
P20700	6	LMNB1	1.0	24.485364334692143	24.91854091446605	24.26572547302255	24.35704704316757	24.909926549371047	24.183365231087453	25.0787997899246	24.602141492891256	24.116361197923197	24.039851395060065	23.83904973615597	24.485364334692143
P21333	3	FLNA	0.9991	22.28335240587199	22.592182812704788	NA	22.423562639674707	22.62158526980213	22.22413349781031	22.603720256456885	22.833458371488057	21.78842417175117	20.968789096533204	21.595122639763257	22.28335240587199
P21796	7	VDAC1	1.0	26.629049388907784	25.841473245093017	24.199536271750144	25.635725917145347	25.886515882942778	29.173366891284275	25.445139368328604	26.30092904047917	25.954432579153906	26.44955782595679	28.38337423216776	26.629049388907784
P22314	1	UBA1	0.9928	18.94661116417262	18.323618239653058	NA	NA	NA	NA	18.557519944649332	NA	18.091510425588833	NA	18.182561434165038	18.94661116417262
P22626	3	HNRNPA2B1	1.0	22.646672702662332	21.447058269893038	22.435085487790094	22.520725933238136	21.517600002780103	22.147419664108618	23.43034576137203	23.528019011323625	22.494964360426142	22.17213774054848	22.380696105717238	22.646672702662332
P23193	1	TCEA1	0.9629	18.081752258598577	18.457783585568826	NA	18.43678991918633	18.93712617780794	17.997012386379822	18.540876800928498	NA	18.004399694374307	17.63418808491528	17.727056882596884	18.081752258598577
P23246	4	SFPQ	0.9957	24.12882708278007	24.601342531811014	NA	23.553379663649242	NA	23.070127497452358	24.200026489959395	NA	23.071885842404136	23.335967960952097	23.743031526259454	24.12882708278007
P23284	1	PPIB	0.998	15.77036951221866	16.346714417011576	NA	15.311261729639279	15.69830302515021	15.58408499217717	15.963141266562225	15.548101612154063	15.643253107589548	15.991624939308805	15.580176134547076	15.77036951221866
P23396	3	RPS3	0.99	20.589797893770456	20.343938418837798	NA	20.86082011356425	20.790538136196712	20.141970424267203	20.274408348364712	NA	21.373196861830895	20.93994643465188	20.39193936025378	20.589797893770456
P23528	2	CFL1	1.0	22.528212374480287	22.729888651364583	NA	21.328887960762103	21.908816836980765	21.885024070473907	22.873777017673817	NA	22.19599659700524	23.161444611885255	21.947601282651863	22.528212374480287
P23588	2	EIF4B	0.9992	20.26187953474751	19.624759035032962	NA	NA	NA	19.92058938617247	20.467442181918187	NA	19.804099287425743	19.36670988896734	19.08318546733867	20.26187953474751
P25705	12	ATP5F1A	1.0	25.397852524292865	24.654117228045322	24.621997821254965	25.072843049045655	25.52111424664115	25.203625150496766	24.541041826300482	25.258892246344992	26.60051308973234	27.338981442915763	25.81258101027222	25.397852524292865
P25788	1	PSMA3	0.9854	20.776114211589558	21.12560609260297	NA	20.73088294391308	NA	20.11647165233357	20.88107275023059	NA	20.511014528327824	20.133125482428664	19.201897403301032	20.776114211589558
P26368	1	U2AF2	0.9998	21.996041331439155	22.447032678697013	NA	21.782426359251467	NA	19.80147230731474	21.82676268399444	NA	20.032729810631395	NA	19.949773032491645	21.996041331439155
P26373	3	RPL13	0.9999	22.434459994033038	21.187481357069576	21.264747121699966	21.84663805535811	21.665584679674584	23.95841200046553	22.39805406588191	22.06433328247827	23.024696087222104	22.291700805281124	24.718257784596375	22.434459994033038
P27797	3	CALR	0.9996	23.1087169572708	23.18297044255536	NA	23.55706933333557	23.373188519637516	23.216483878562055	23.357641488846046	23.681586739003848	23.493183473713714	23.14598965149436	22.666902569516882	23.1087169572708
P27824	3	CANX	1.0	22.944447364097318	22.857185450228684	24.186884380443505	23.512754361762276	23.428586799609757	23.015178598859766	22.969940456247688	23.896834230740964	23.420757391651968	22.885505089110566	23.492422397981795	22.944447364097318
P28066	1	PSMA5	0.9812	20.477932637147845	20.25345026009831	NA	20.291086248432798	18.95777493291177	19.31018593622176	20.357353993657632	18.90864305894144	21.389528709956178	22.171969672522295	20.95902127764789	20.477932637147845
P28072	1	PSMB6	0.9847	19.493390697400546	19.52271585918763	NA	20.024549046789286	19.212250868278744	19.534000205635245	19.995754046201625	19.530595452966416	20.18560479704196	20.067458987076797	20.049543172084686	19.493390697400546
P28838	1	LAP3	0.9642	19.839634898953243	19.62548971599909	NA	19.562338290234504	20.595463827932445	20.90188014980931	19.96886675659553	21.226894497251294	20.190871309054852	20.531786610976297	NA	19.839634898953243
P29401	1	TKT	0.9926	17.602056921132917	16.74727130637699	19.04502162844666	18.647812404291457	19.41082613198095	18.42221403997014	17.319094584954748	18.319508296641644	17.583318259052604	17.623119408483074	17.19750489869329	17.602056921132917
P30048	1	PRDX3	0.9908	25.50287064246542	25.303835530447664	NA	25.672416481158084	25.35844980338922	27.292761374639795	25.42703176493547	25.285249820974993	25.805489011630296	25.384923937987256	26.348970927134847	25.50287064246542
P30101	5	PDIA3	1.0	23.290919013236053	23.495835827136137	23.757932526432498	23.450894701790908	23.70350790738635	22.75148686398792	23.404641068290275	24.105165934511117	23.26272976064059	22.33629620664547	22.36944379746821	23.290919013236053
P30405	2	PPIF	0.9962	23.327035949362905	23.3899080111899	NA	23.712846102266877	22.749982750126307	23.615261842375915	23.363431944980043	23.152810882031957	23.79382261594652	23.64046214213572	23.601955811600057	23.327035949362905
P31040	2	SDHA	0.999	21.81538847334524	21.99682806761692	NA	21.784448021614814	22.06742007205485	21.939991410200918	21.854588445036367	19.744927270280566	21.934258902536346	22.069563705741704	22.23622184941307	21.81538847334524
P31153	1	MAT2A	0.9519	17.35615342211252	17.570002312496133	NA	17.27475790921039	16.4591626125016	16.865501872576978	17.74395859078249	NA	17.536867150252423	17.150280235707662	16.762916658862764	17.35615342211252
P31327	4	CPS1	1.0	23.62385731216478	23.996474696849575	NA	23.177366548873778	23.975635557948618	23.723718945423872	23.320684122836195	23.307280946250664	23.96284751186067	23.691774313196095	23.187402041352208	23.62385731216478
P31930	2	UQCRC1	0.9812	22.30486626625043	22.13984517965825	23.629327352311815	22.44137232644555	24.107345541038253	22.266333440323862	22.046891505719834	24.057511392606166	22.815787173918135	22.792550559256643	22.469407149001537	22.30486626625043
P31943	2	HNRNPH1	1.0	23.605274128162925	24.036263262919892	NA	23.8558374266901	NA	21.69446186155394	23.642785963299335	NA	22.015741515451815	20.342879330128234	22.532194228827912	23.605274128162925
P31948	1	STIP1	0.9766	20.659044714287	20.951743173255146	NA	21.548083816616845	NA	19.948027108130592	20.536875585017697	NA	20.42587118914443	19.266557590079803	20.144091048661032	20.659044714287
P31949	1	S100A11	0.9478	21.559759526209657	21.636916884866906	NA	20.84939763216838	20.99813967872808	21.953346067325654	21.872850114981894	NA	21.436303356231956	21.46432798979466	21.792203842064737	21.559759526209657
P32119	1	PRDX2	0.9911	20.257580949923668	20.42009832953964	NA	20.29902355890872	20.121739221372195	20.409614587868315	20.802224110754022	NA	20.291805160476358	19.37860228780514	20.022575268346063	20.257580949923668
P32322	1	PYCR1	0.9745	19.210840994100447	18.837770563876337	NA	18.931574958135464	19.616483084540036	20.401649232231414	18.388794424498016	17.973673921233146	19.87442940208653	20.098164626891556	20.585551857030534	19.210840994100447
P35232	15	PHB1	1.0	26.14625668672909	23.10695599123421	24.78714073736559	24.408739737549762	25.575570749829367	26.059006516185327	24.157528822497703	25.675682649033547	27.225496841621936	27.322922289200577	27.290661094628696	26.14625668672909
P35527	6	KRT9	1.0	25.27448105452177	24.126452655353884	27.416556800544264	27.169412606821506	28.479562840323645	26.74599689726462	24.473782520405408	27.654367287290704	25.52831019089289	25.337297430050484	25.586756936241652	25.27448105452177
P35613	2	BSG	0.9949	21.324594440926784	21.71113389462345	NA	21.20457554805162	21.462063771849476	20.98776660253234	21.55446413234627	NA	20.653029070387408	20.455352756630777	20.400910588995536	21.324594440926784
P35908	7	KRT2	1.0	24.04669543666496	23.79077366266862	26.055848525761345	24.765595412233417	26.770458368545334	25.43203898842827	23.784499462532988	26.54222436819385	23.945018568029848	24.1977807998645	23.82810938343176	24.04669543666496
P36542	2	ATP5F1C	0.9909	20.408194568858313	19.8215246775006	NA	20.544197855857504	20.706844248495184	19.94546112247142	20.12795406970203	21.54625007507006	20.64578683465927	20.537368280083058	20.68896360979295	20.408194568858313
P36578	1	RPL4	0.9718	20.746970925879463	19.575269130736775	NA	19.874309761217454	NA	20.99503917568619	20.486345104308278	NA	21.15764100108171	21.59183817330388	21.81708806026052	20.746970925879463
P36776	1	LONP1	0.9913	20.613367027777233	20.97358514170255	21.22327451625126	20.34127326520059	NA	20.77783503279329	20.764715747865978	NA	20.693049018704414	20.2544018077969	20.036209091602423	20.613367027777233
P36957	8	DLST	0.9975	25.821948038437043	24.830010882646864	24.760207821353784	24.99024303623278	24.604952648210116	25.25089550679496	24.71148685498083	26.250236852018585	26.076049121588074	28.671077601035012	25.75812033330561	25.821948038437043
P37837	2	TALDO1	0.9699	22.128060686480755	22.099562832359993	NA	21.903723927564705	21.47675899098242	21.86817659848043	22.355832435641513	NA	21.93375541715433	21.188144745645317	22.224551659411702	22.128060686480755
P38159	8	RBMX	0.9966	24.503033260162745	24.06150373135845	24.42170656818153	24.124418252760567	24.716505118612073	23.289323082188123	25.771296341378566	22.616027196153222	23.487355957962798	23.484334893819803	23.549723716477367	24.503033260162745
P38646	13	HSPA9	1.0	26.107370405490673	26.007552114509355	25.502181771393793	25.272529325818308	26.779435081606483	26.67145508152301	25.82546739652249	24.507128720083774	26.78908117776456	26.291295860102256	26.578132604631264	26.107370405490673
P39019	1	RPS19	0.988	19.134339578622388	18.890527203169004	NA	18.445761053907628	19.878227039170344	18.798485677747177	19.324937529479108	17.985529590558425	19.943290176372567	19.69944736853239	20.143131131793012	19.134339578622388
P39023	2	RPL3	0.9832	21.89713345532582	21.963751041250116	NA	22.642407080976312	NA	21.431333066920814	21.897567210642556	NA	21.25528644841704	21.284868944993704	21.724364270810142	21.89713345532582
P40227	1	CCT6A	0.9994	18.732095456683865	18.79357464440494	NA	18.790887924682696	18.470787486185817	18.779032851758274	18.86343141700597	NA	18.471545217575045	19.281237750423543	19.007329904848763	18.732095456683865
P40926	1	MDH2	0.998	20.72407696698098	21.079384792523342	NA	20.34619984138115	21.287458858345705	21.316903607561024	20.586099669997143	20.474782286638188	21.079029161654603	20.68788181779883	21.15110174394364	20.72407696698098
P40939	7	HADHA	0.9998	24.51617745288108	23.404818342977624	NA	23.95906276151855	23.359211497950255	23.660397806112243	23.494836328946537	24.18685767676469	25.809636871753625	26.583456880940208	25.2113115435962	24.51617745288108
P42704	4	LRPPRC	0.9997	21.642523559220738	21.695727900954616	NA	21.51017631975304	21.305971499111568	21.939781193949592	21.59979618853856	20.479387624918083	22.194662277535034	21.9888417813233	21.326432783519255	21.642523559220738
P42766	1	RPL35	0.9763	21.979565588219607	21.270418488508657	NA	21.01895376450171	19.818326534673684	22.28321782202697	22.02659911693944	20.603026403453676	23.209278499238998	23.079686844201536	23.23558714768193	21.979565588219607
P43686	1	PSMC4	0.9892	19.811438197639227	19.59416254469709	NA	20.063018196424245	18.784435128870353	19.624068665784517	20.07240437016642	NA	20.62646497460781	20.085118568984036	19.48202052438051	19.811438197639227
P43897	2	TSFM	0.9935	19.41514068517919	19.35385357618506	NA	20.153841140009753	19.046705722929705	20.108006111753085	18.73190413896336	NA	19.569181704903297	19.59789855156022	18.71288579316448	19.41514068517919
P45880	5	VDAC2	0.9999	24.70505396548608	24.114598328996458	24.296774399153577	24.06154747335132	24.772129199290962	26.546039925182424	23.96005564553442	24.35587940073002	24.91343306241667	24.400824773677087	26.416742821123574	24.70505396548608
P46778	1	RPL21	0.9912	21.09901577952289	20.76780604981696	NA	21.131874462494512	NA	21.54697250357742	20.598039000030752	NA	20.586635484777688	19.57303657011671	22.445876196949094	21.09901577952289
P46779	1	RPL28	0.9808	18.77249157952482	18.138545473689618	20.12086159778489	NA	NA	19.35132083435403	18.222448680388357	NA	18.68463127631266	19.191015048014446	19.580486938108827	18.77249157952482
P47914	1	RPL29	0.9627	17.42045551064393	17.675472559786567	17.21119417679005	17.377664995600952	15.824399636736791	17.36201808154665	17.56810469460197	16.861561183849833	18.2713568025099	17.21846280397587	18.02461383365316	17.42045551064393
P48643	2	CCT5	1.0	18.784972490429762	19.07343956464398	NA	18.812198748878362	18.075338216508946	18.349053480760304	19.074795372763337	16.624036653861342	18.904005647549354	19.31681110036558	17.929134496672475	18.784972490429762
P49207	1	RPL34	0.9864	20.643509431081366	20.047359658563156	NA	20.145387255176313	NA	22.23646111313131	20.299547665936217	NA	19.436918485424435	17.3380671113303	22.028649505513798	20.643509431081366
P49257	1	LMAN1	0.9225	20.731272951564307	20.7322733227165	21.109181404407465	21.07366536377924	21.66495735474535	20.944924122820428	20.775059263804312	NA	21.31149221220068	21.32910132470116	21.48661613765622	20.731272951564307
P49327	1	FASN	0.9739	18.047744325909772	18.525205473265355	NA	18.385121624507104	18.945319338992807	17.59202605474819	18.071803069989933	19.51935831764898	17.957577387021786	18.848166535839827	17.74611915388677	18.047744325909772
P49411	2	TUFM	0.9885	22.397581346931943	22.084063679905967	22.81049333113598	22.56915294217965	23.29294467855225	23.523490910284703	22.584049468625643	23.331717791359438	23.08094887671649	23.241844274055488	22.78831373927829	22.397581346931943
P49590	2	HARS2	0.9775	19.86289214947991	19.855936378319708	NA	20.022532750730036	19.8851739577839	20.495256064939994	19.852732302228567	NA	19.75791079217877	19.877959693619744	19.914265241336313	19.86289214947991
P49591	1	SARS1	0.9884	19.129125515481093	19.296940357947225	NA	18.996857083359405	19.54142103357752	19.451233651169712	19.29131820493994	20.481400965228918	19.417154593162902	20.097118206708565	19.24845509787425	19.129125515481093
P49748	2	ACADVL	0.9969	21.614853353340607	21.457383603698915	NA	21.35625353072986	21.31490804262509	22.839306452308243	21.221816240954777	NA	21.864212694795086	21.482461405934195	21.87420247044267	21.614853353340607
P50213	1	IDH3A	0.9782	22.233974778942176	22.36430060376598	NA	21.03126757916222	NA	21.833446095568135	22.24334489269911	NA	22.012195248592434	21.94117296063679	22.004709699596045	22.233974778942176
P50402	1	EMD	0.9984	20.474522659872772	19.28191759678442	NA	NA	20.813222832197557	21.227787573458784	20.27543037269833	NA	21.112329011696772	20.637782119152302	21.625151686838546	20.474522659872772
P50990	1	CCT8	0.9963	20.4935776193839	20.702688318778506	NA	21.050028027623167	20.433964953645102	20.134324949561446	20.731438968713615	NA	20.389602211425373	20.875149071695553	19.700913687291386	20.4935776193839
P51572	3	BCAP31	0.9931	22.501852324782323	22.562381776707443	22.842504120011885	22.428188103848065	22.448038730619768	23.27715020712511	22.189408493472484	22.529597632062995	23.269331101226197	23.52023889026131	23.613382406507604	22.501852324782323
P52272	3	HNRNPM	0.9936	23.98113719789428	23.802474325505766	NA	23.789424669223088	23.716386109663556	24.056412786788613	24.381799185949706	NA	23.76597623724096	23.457933977638472	23.73638915141808	23.98113719789428
P52597	1	HNRNPF	0.9967	18.702946801458285	18.838796486606665	18.971689354018196	19.443103841711213	18.66404156858691	19.45368414444979	19.268388243541416	18.611849320464806	18.479831929432073	18.96820020543498	19.58955379380544	18.702946801458285
P52815	2	MRPL12	1.0	23.279095586709644	21.62529159644447	24.59390805109847	23.437172641717144	23.30314351612335	23.43232136490104	NA	NA	22.373074315205045	24.673795902804482	23.267538794070784	23.279095586709644
P52907	1	CAPZA1	0.9987	17.888758259059568	18.15170486707407	NA	18.19139156843416	NA	18.359103966854402	18.068876795576294	NA	17.673519140765723	17.529783820321455	16.745626101769187	17.888758259059568
P53007	1	SLC25A1	0.9879	19.523858537318343	19.743611316901177	NA	19.595492928580352	19.444558426921752	19.75070873154797	20.12499175024021	18.780711174963415	19.52495668087079	19.865528932157808	19.400555313158147	19.523858537318343
P53597	1	SUCLG1	0.9544	18.827284355029324	18.856460583175764	NA	19.127335466664263	NA	19.89198026012068	18.770307938808084	NA	18.283344238109592	17.999466732180572	18.804820503218014	18.827284355029324
P54886	5	ALDH18A1	0.9998	25.451677822799983	23.945127078313064	25.41596896416092	24.860120513678805	25.64329989290736	26.319757171644852	24.089364040029434	25.173067084755118	26.628643323672588	27.463464691083416	26.988111060795646	25.451677822799983
P55060	1	CSE1L	0.9389	18.115621710889023	18.43457238905946	NA	18.54770871215201	18.55030880000545	17.148067239450825	18.60681660633954	NA	17.737244599186585	17.34330208524766	17.380311185432667	18.115621710889023
P55072	2	VCP	0.9975	22.477686696729783	22.647030979999514	NA	22.781496665550186	23.164280911456277	22.297344467168138	22.46114287383252	22.357128804960638	22.54671390444963	22.480454740998777	22.591702144100505	22.477686696729783
P55084	3	HADHB	0.9947	23.0234067326681	23.06025923391103	NA	23.108687615858603	23.193965259720052	23.293721684219058	22.921343137508615	23.44372380589844	23.590075000375496	24.345597345616433	23.027654519270275	23.0234067326681
P55769	1	SNU13	0.9893	21.98703340201517	22.013730232189527	NA	20.846402731443465	NA	21.810479168396242	22.264082939476086	NA	21.822594036067184	21.253819298820726	21.574499263759037	21.98703340201517
P55884	1	EIF3B	0.9839	19.74140588143932	19.26295549120545	NA	NA	NA	NA	19.100703589953135	NA	18.064175072013285	NA	NA	19.74140588143932
P56381	4	ATP5F1E	0.995	23.972026194488446	22.55989956094119	23.799486981683764	22.76641651637044	22.146062509258968	24.491800079795	23.211536508397888	24.922614146201756	25.443159996799317	26.089134122478164	24.91307210013072	23.972026194488446
P60660	1	MYL6	0.9967	18.026272172289644	17.58346193172182	NA	17.815608486373833	NA	19.319995795113652	18.060352260536256	NA	17.98537321310369	17.09066780596961	18.2182274562123	18.026272172289644
P60709	18	ACTB	1.0	29.029203396372083	29.548373904517376	29.64375554671992	28.890019205088777	29.87403233921103	27.358142346176397	28.774187580915154	28.094543342837614	26.257947926710997	24.948803324179373	26.492577586669533	29.029203396372083
P60900	1	PSMA6	0.9999	22.06442847633999	22.234924077389756	NA	22.19084855838814	22.069657473077918	22.704251836930613	22.02714342260023	NA	22.087709366760887	21.96560030587391	22.468345220116905	22.06442847633999
P61247	2	RPS3A	0.9981	21.049678193353536	20.480805416869735	NA	20.859258280553906	NA	21.3273606942064	20.963191210222842	21.15771601329809	21.239200524665613	21.401779085244687	21.736870049363503	21.049678193353536
P61289	1	PSME3	0.9845	20.854884012829213	21.03813282003588	20.126324170513957	21.563116057344377	20.955591978432707	20.859251851743046	21.127957707694716	20.255749238912983	21.725094069387023	21.882032709343044	21.271637630289842	20.854884012829213
P61313	1	RPL15	0.9986	22.826405643871787	22.8727565838201	NA	22.69913349600504	22.070271239909633	23.30870205570258	22.889656085189998	NA	22.368512571213557	21.15249955848981	23.956115763392056	22.826405643871787
P61604	8	HSPE1	1.0	26.156039443585136	25.780047630883423	25.838825452327708	27.018880332415552	26.528746693083402	27.871860859481473	25.98676974280716	27.421869855484836	26.797536493715146	26.83661098398543	26.596921609100338	26.156039443585136
P61978	9	HNRNPK	1.0	24.4858553662197	24.800042919412927	24.14164580383976	24.401695989773135	24.509903295633404	23.372094493848003	24.64077514989034	NA	22.878702378146965	22.61900670013355	23.729170240689694	24.4858553662197
P61981	1	YWHAG	0.9557	20.217570824524525	20.419110383053674	NA	21.3716635389642	20.16535010538183	18.669506058438014	20.53346905478346	NA	20.158031768647863	19.29364276958314	20.116688385779398	20.217570824524525
P62081	2	RPS7	0.979	20.349746320304725	20.73915186915553	NA	20.66556371918653	20.78091842019134	19.979205969289644	20.370783607509058	20.57493572812721	20.484221014888753	20.56153274615011	20.19693120015448	20.349746320304725
P62249	1	RPS16	0.9958	22.28774619231823	21.838369767484767	NA	22.398871816230173	NA	21.818012318597575	22.225336298868516	NA	22.112895594085092	23.131727082522907	22.0448185415614	22.28774619231823
P62491	1	RAB11A	0.9709	22.232726342895923	22.33205410752061	NA	22.435491007716998	NA	22.641477922380904	22.223720383475463	NA	21.873028598789116	21.967537452279796	22.56277603952588	22.232726342895923
P62701	2	RPS4X	0.9991	22.533894016085227	22.349585997477494	22.73709178411144	23.186509046082705	23.270446136148962	22.30397709259949	22.231905581328107	23.497672460943836	22.34289609774677	22.85579136167826	22.551297083700426	22.533894016085227
P62736	1	ACTA2	0.9902	16.673441761457752	15.98528512160616	NA	17.96915344023306	18.407150095687474	17.638939602411007	NA	17.30196576457037	15.38589756868594	NA	16.522929865218522	16.673441761457752
P62753	2	RPS6	0.9971	21.842933221508048	21.48176146632852	NA	21.868398880608346	21.096309036226938	21.592762797468787	21.868721846826514	22.131215979283915	22.259367498116916	22.146201948227244	22.504332765002335	21.842933221508048
P62805	6	H4C1	1.0	26.551590928245577	27.353210213187285	27.44527160538635	26.760589403845742	27.31416381528929	23.791971626718325	26.86449294318367	27.474400529916238	21.516870577156773	26.26532478106482	22.190882484197203	26.551590928245577
P62857	1	RPS28	0.9835	21.975161639432688	21.405359457312187	NA	21.08394758308305	NA	22.714935590102087	21.322192992610777	NA	21.82833684099211	21.365203665322504	22.942038122404966	21.975161639432688
P62873	1	GNB1	0.9979	21.275518117831872	21.132100037297533	NA	21.346032989538443	NA	20.977190848044017	21.244336317025994	NA	21.552981575052545	20.65123961744285	21.667391010415702	21.275518117831872
P62888	1	RPL30	0.9953	22.317445875580894	21.675849313148262	NA	21.01200006548199	NA	23.32615376867093	21.752523198172007	NA	22.156608809672775	22.658999199469722	23.43158783932464	22.317445875580894
P62899	1	RPL31	0.9995	22.893699251831592	21.941227864841405	NA	22.91721511070539	NA	24.14155637925849	22.153648911602655	23.07007890614888	23.217659183403963	23.661896976545478	24.37508367800828	22.893699251831592
P62910	1	RPL32	0.9696	22.90988457114004	22.44006398608561	NA	22.51376166605878	NA	23.528852089097974	22.49767584056532	NA	22.61274040657316	22.45418457680785	24.122029105268698	22.90988457114004
P62917	2	RPL8	1.0	24.126642845196624	23.54669586632173	NA	24.136661053870977	24.024895346437894	24.96923808669383	23.5441579934	24.116045238742046	24.310551632571766	24.18079373336991	25.774365361518928	24.126642845196624
P62937	1	PPIA	0.9969	24.141408213572753	24.457481015433373	NA	24.222895726670515	24.121372936587843	23.964112112863166	24.96417466944446	21.94353041007778	24.319444141659595	23.276937318594104	23.58881935480887	24.141408213572753
P62995	1	TRA2B	0.9819	21.42261245698148	20.84056853067091	20.750314072886233	22.404210660119414	22.294418688434828	22.323009518410682	22.256664194236958	22.659255615382687	21.411055902390117	21.941988255106036	22.396254459038225	21.42261245698148
P63104	1	YWHAZ	0.9328	24.35562249575301	24.78249284878371	NA	24.52272412581401	25.300629777903165	24.423198165631835	24.82097325717372	24.829913977406783	24.258054638896645	24.114286887855954	24.351374709150832	24.35562249575301
P63244	1	RACK1	0.9578	24.933914196790308	24.737415469021833	NA	25.392127544570524	NA	25.299444984836903	24.6262210238329	NA	25.20088161595481	25.400084810335507	25.3497394528624	24.933914196790308
P67809	2	YBX1	0.9992	22.59869715943077	22.206523652212635	NA	22.791560731747108	NA	23.568792002213645	22.13083019295419	21.939479876359712	22.491156392099857	23.031538223024917	22.84026291952897	22.59869715943077
P68104	3	EEF1A1	0.9996	23.521828441439755	23.97937965845266	22.533865130088266	23.545926554422273	24.422504253253624	23.248992180309347	24.050089915258493	23.39937285393899	23.605631666294947	23.251741417164602	23.3668793842016	23.521828441439755
P68431	6	H3C1	1.0	27.63948733321384	27.924545053317438	NA	27.36724653472321	27.930362625638033	25.704261548954488	27.500659314362547	28.920843998032915	26.259795649164108	28.71739081542016	25.94182081376141	27.63948733321384
P80723	4	BASP1	0.9989	23.261888218438646	23.361558591647093	22.574936111055	23.606018431520265	24.153073065100536	23.472508408434464	23.319454721970263	24.349989047938678	23.183813290085663	23.335999284740733	23.227746382759715	23.261888218438646
P81605	1	DCD	1.0	21.825395728505832	20.956091989155972	24.190902174387748	23.474481780152583	24.187954551157876	23.3967320270312	21.571761539320377	23.81805728446149	22.32549865126268	22.30834086226761	22.400628507144482	21.825395728505832
P82650	1	MRPS22	0.9988	21.43256701574578	20.998455796944135	22.143255448101915	22.220204149085042	22.19699840136729	22.490461947323723	21.320056456048167	22.46929696309983	22.294578219879373	22.88742184525125	22.353821145659076	21.43256701574578
P82673	1	MRPS35	0.9955	21.493252396030517	20.78024539666597	21.38714525973336	21.452489295103184	20.84251624760759	22.0851572054632	22.193190939101907	NA	21.756763793304682	22.904937207633445	22.51055422238295	21.493252396030517
P82675	1	MRPS5	0.9132	17.838394069063874	16.264821083841415	NA	NA	17.737098180783594	17.618329931729736	17.2542042576016	NA	18.932902896470285	18.92335834661191	18.635830899616725	17.838394069063874
P82914	3	MRPS15	0.996	22.200458344577463	21.792595495045575	NA	22.52120720936842	22.04601488047621	22.548315962155414	21.919025107768103	21.739998815539273	23.00185456387756	23.34726302502562	23.066027982430363	22.200458344577463
P82930	1	MRPS34	0.993	21.7981010089463	21.264079863481186	NA	22.750482756297146	21.22533674167222	22.06707883866663	21.526128611066596	NA	22.552469180145124	22.73518907665773	22.31511154344279	21.7981010089463
P82933	2	MRPS9	0.9985	21.833065000760485	21.589760583319396	NA	20.90615599878553	21.440061891031913	21.51168931096363	21.33726436550795	NA	22.386895713869123	22.485004855291354	22.231932273617446	21.833065000760485
P82979	1	SARNP	0.9877	19.366853382325733	19.040628329380684	NA	20.24020501153569	NA	18.263831923594783	20.097698921975404	NA	18.939844839536395	19.43918336756221	18.80539728062353	19.366853382325733
P83881	1	RPL36A	0.9744	19.97067659962182	18.966650323548187	NA	20.10162481230762	NA	20.301080753275297	19.15003065608116	NA	20.543425654119797	21.06784685970219	20.744248444593328	19.97067659962182
P84098	1	RPL19	0.9997	22.187924695402216	21.376701041867374	NA	22.119234069485397	21.75998255029951	22.987050516470283	22.40501996034958	22.241278152982726	22.940778851155553	22.675041433451174	23.690004745155886	22.187924695402216
P84103	2	SRSF3	0.9963	21.24038673130298	21.555073319690507	NA	21.499267868755606	NA	21.01970842681921	21.022879372002855	NA	20.124921966160624	20.09517549876325	21.050399347830087	21.24038673130298
Q00059	1	TFAM	0.9831	20.12263746377092	20.018669551483175	NA	19.961912565722738	19.931437111922715	20.20178002280609	20.622437182725207	NA	20.043564245620814	20.56260767116402	20.48979052038029	20.12263746377092
Q00325	2	SLC25A3	0.9804	22.759255764199143	22.951404216775693	NA	22.67472104910695	22.030048257191762	23.26549838373525	22.69962727283966	NA	23.105238117527307	22.04772525051273	23.100093972692246	22.759255764199143
Q00610	1	CLTC	0.9966	21.151277195664644	21.178717463895307	NA	21.45110202980933	NA	20.974030563219817	20.979524391465137	NA	21.49018010432593	20.731789430699127	20.933967753063897	21.151277195664644
Q00765	1	REEP5	0.9893	18.920639692114545	18.986237301936782	NA	19.18573589807494	19.317206268080778	19.723844350040387	18.911665451266355	18.983285422134752	19.313561834808045	18.77202917047759	19.71970791787361	18.920639692114545
Q00839	5	HNRNPU	0.9994	24.168526456992243	24.764894443957097	25.56006641547102	24.357333646906778	24.369820222643455	21.678682139702865	23.755891136734242	25.26812593357746	22.058924149330785	21.86905545836759	21.918650591047427	24.168526456992243
Q01082	5	SPTBN1	0.9907	21.309983932079682	21.724512381000324	NA	21.13450194966274	NA	20.14339346877481	21.116148273234952	NA	20.459173603911825	20.34521709141426	20.166141849043935	21.309983932079682
Q02218	3	OGDH	0.9984	24.607217714730734	23.38126124896027	NA	23.82656843139549	23.459951919721885	23.961610934173063	23.359715222530067	24.900657182679375	25.532763633432097	27.594944142946943	24.49361736977178	24.607217714730734
Q02543	1	RPL18A	0.9697	16.777205934352747	16.87702234766974	NA	16.802321685178242	NA	16.816596940158743	16.76244964340416	15.946105209067817	16.76276897176312	16.2902761297876	17.24125345917684	16.777205934352747
Q02556	1	IRF8	0.993	22.080721020761768	21.193189270411736	20.65333399675696	21.41812607706095	20.238858925818324	21.912293098742115	21.46861541970418	21.67354485619662	22.942296712824948	24.659527694030686	23.231618537369332	22.080721020761768
Q03252	2	LMNB2	0.9997	21.820920465188177	22.145895906486864	NA	22.18143349435406	21.780442887558912	22.190791815898145	22.091779483719318	22.513363265050483	21.702106677844018	21.250728640695243	21.35309480628284	21.820920465188177
Q04837	3	SSBP1	0.9996	26.255462693711724	26.440542538863745	24.535426832435427	26.780567325652925	25.377145197918587	26.81571595901495	26.059293751510875	25.881911303199118	26.523644285710912	27.457404482211242	26.35175959788066	26.255462693711724
Q04941	1	PLP2	0.9924	20.37616337593475	19.577665898283417	NA	NA	NA	NA	19.909131608110673	NA	20.443884317064107	20.5273614773092	20.136557884428473	20.37616337593475
Q06830	3	PRDX1	0.996	26.059589232091252	26.093294141142398	NA	27.00589261348861	26.113162744965102	25.726041361945054	26.053802893862475	25.136865359515223	26.847831161815314	26.830359592024767	26.52015014735512	26.059589232091252
Q07666	1	KHDRBS1	0.9625	20.59277614474352	21.21302481419905	NA	20.258067808515108	NA	18.755208256266723	20.86464283999153	NA	17.753175817990147	17.500774259462062	19.00656102089455	20.59277614474352
Q08211	2	DHX9	0.9983	21.215604439386798	21.051686354964357	NA	21.16378846589347	21.44649246033446	20.064604625657708	20.901268032392906	NA	21.014914667640042	21.6130486501482	20.55571549179808	21.215604439386798
Q09028	1	RBBP4	0.9923	20.191442056606476	20.606447375922667	NA	21.4184323765565	20.764669767921383	20.534124275953115	20.530511522802218	20.395126831832776	20.518320025446528	20.608399757222497	19.710189387134633	20.191442056606476
Q12797	2	ASPH	0.9925	20.043327953630627	20.096477003420013	NA	20.702013375412996	NA	19.43033661443464	19.755464847678052	NA	19.30918585437069	20.289749273174333	19.16744738647559	20.043327953630627
Q12849	1	GRSF1	1.0	21.36598276186208	21.26717296083239	21.15376357656091	20.420515521615723	22.65691900182541	22.440907057164598	21.531670333418276	NA	21.392487212892693	21.148681692336197	22.452439508356488	21.36598276186208
Q12907	1	LMAN2	0.9959	16.342322557810938	16.851543587771133	NA	16.82582360663345	16.0440869057134	16.327689193634477	17.02805322808715	15.9591662554587	16.863661159812633	13.47515546664013	15.741066337297331	16.342322557810938
Q13011	1	ECH1	0.9867	19.20005491455743	19.399536542911825	NA	18.49114777611952	NA	18.36285483180473	18.34407912430706	NA	19.51800460270802	19.78027295404057	18.578235846642173	19.20005491455743
Q13148	1	TARDBP	0.9589	19.25379714629443	19.240785084318595	NA	NA	20.296121661393347	18.50967348003555	19.70321632780263	NA	19.356780786671198	18.242487977919453	19.34261923808144	19.25379714629443
Q13151	1	HNRNPA0	0.9806	19.93088980199421	20.375404173231928	NA	20.68074049966991	NA	19.400930684072698	20.00474335675263	NA	19.557833283680626	16.71262630697768	18.787238518726486	19.93088980199421
Q13185	1	CBX3	0.993	17.657774337663938	17.593497386287517	NA	17.37892544524564	NA	18.01622900507389	18.01136499187045	18.208146724843978	17.590017859004984	17.63802430162873	17.83522699315392	17.657774337663938
Q13242	2	SRSF9	0.9998	21.025343244606198	21.065805639352824	NA	21.67482800929753	21.545410279230516	20.445294400690884	21.139977677850865	NA	20.880602883327562	20.55318597146272	20.88679730307508	21.025343244606198
Q13263	1	TRIM28	0.9801	18.21374617770944	18.09243826805365	NA	18.72569551129704	17.82909714675884	18.21969719918339	18.117314498726422	NA	18.16484162970583	18.899283204500538	19.079600524133642	18.21374617770944
Q13347	1	EIF3I	0.9906	20.719398696603516	20.40743967026388	21.709923129246807	21.521619746639196	22.52559393357745	21.945784920097807	20.93553059661177	22.858391425852577	20.743585813869352	20.86692764112166	21.388882438845446	20.719398696603516
Q13409	2	DYNC1I2	0.9937	19.774485402432482	18.560595874712106	20.801439582762793	NA	NA	20.14657544134064	19.774485402432482	20.51156687241682	20.530997779309214	20.729020577088065	20.08955142984267	19.774485402432482
Q13505	1	MTX1	0.9992	17.503564217279106	17.12030359687879	NA	18.38188653506741	NA	18.050201642225698	17.649898261458592	NA	17.543742154168594	17.477922514595036	17.465028748488777	17.503564217279106
Q13813	1	SPTAN1	0.9692	12.176963994407876	12.699190487209858	12.50775835484286	12.872886748135	13.201925068231423	12.719717401932725	12.364755422044704	12.28902799354474	12.24273496390513	11.888663353457801	10.989173220465332	12.176963994407876
Q14008	1	CKAP5	0.9618	21.968046231478763	22.313877075203564	NA	22.06259880108726	21.547660041793105	23.07443809513268	22.057685392287944	21.587453071953547	22.38450778926928	21.877824804062673	22.182737392450186	21.968046231478763
Q14103	1	HNRNPD	0.9994	23.841363270535314	24.483205169211057	NA	24.08466195649876	NA	22.960940510976044	23.90373323060431	NA	22.000646187830696	22.18039524898766	21.777416221371567	23.841363270535314
Q14151	1	SAFB2	0.9962	19.145289391146946	19.469197292117407	19.23624102629594	20.54069978692138	NA	19.03060906176999	19.242613520669902	NA	19.164591735800872	18.810851133695042	19.311666723267333	19.145289391146946
Q14197	5	MRPL58	1.0	23.270642846835393	20.310559063746346	22.069976089494073	22.48647508286985	23.10376858736389	22.392200282504945	21.035293182851603	23.542022438536772	23.96237171714684	26.26989802962387	23.431419053979585	23.270642846835393
Q14204	2	DYNC1H1	0.9989	20.75542566812188	21.009135318279558	NA	20.548876508349718	NA	20.5907912133085	20.68242180045102	20.581103943362727	20.502568309496212	20.639762301937836	20.61543840188819	20.75542566812188
Q14254	2	FLOT2	1.0	22.992482466471376	21.790963281020442	21.910096533265623	22.631289190346312	22.68931046357022	23.792762899609897	21.795143217756525	22.66749568383915	23.488299315060484	24.392528409798718	24.784312591783994	22.992482466471376
Q14696	1	MESD	0.9971	19.834815706499988	19.859284677014443	NA	20.501839698750175	NA	20.000367767965177	20.3561331735434	NA	19.20542121946747	18.983306166850515	18.237271494480332	19.834815706499988
Q14697	3	GANAB	0.9999	23.23533288894624	23.574964517072925	NA	23.191940232103565	23.12992098731205	23.560295119002504	23.42148335139765	23.932297165790363	23.6533674572485	23.296039608397063	23.568058118137124	23.23533288894624
Q14764	1	MVP	0.9955	23.681142953011552	23.629739589101884	NA	24.335126971402122	23.244388331510887	24.485373609748816	23.633463074293335	22.826399904565253	24.516473570991554	23.752975731632638	24.251103914002176	23.681142953011552
Q14978	2	NOLC1	0.991	21.161830607348026	20.876969034629447	NA	21.80802747282327	NA	21.348225006064265	21.331207750441884	NA	20.070837059526358	21.193723489744333	20.16647545229231	21.161830607348026
Q15029	1	EFTUD2	0.9984	18.445136323968754	17.38060172482925	17.826402365857657	20.065069154552123	17.74595272743746	16.574640894193628	17.730721328326606	17.342276826315338	21.00064072562236	NA	15.650637319763685	18.445136323968754
Q15056	1	EIF4H	0.9826	21.477206859478134	21.191429643395946	NA	20.97069605257354	20.936069445571057	21.422989028440167	21.87638726451033	NA	21.715486186351168	22.34628777252437	21.59292416666782	21.477206859478134
Q15084	2	PDIA6	1.0	23.601145158107567	22.773936649341824	22.874287602244568	21.593930673969993	24.934942323307517	23.8925447051403	24.070497032119835	22.87528680421164	23.826498411287876	23.463664551794277	23.21021405196633	23.601145158107567
Q15149	13	PLEC	1.0	23.08324114675911	23.769195487688478	23.476847302376576	23.06913334059248	23.223067409255904	22.645623833215964	23.01895637812245	22.69374611054684	23.182471635060512	22.426200542003066	22.69270354319704	23.08324114675911
Q15365	3	PCBP1	0.9939	21.475511980557055	20.59647810685055	NA	NA	NA	21.7272953508353	21.740317498077818	NA	20.991128683088327	21.37659988362279	21.29908221852152	21.475511980557055
Q15428	1	SF3A2	0.9952	15.619744844932859	15.393678576426986	NA	NA	NA	15.910711973343183	15.508228109887654	NA	14.664730460082316	16.45068606764222	14.568469648171607	15.619744844932859
Q16630	1	CPSF6	0.987	19.537618971345758	19.908657049284315	NA	19.693800609514696	19.207359342138744	19.205748886042016	19.621656999663518	NA	19.382211056171865	18.937055843928047	19.47364235543321	19.537618971345758
Q16822	1	PCK2	0.9892	19.227898971521434	19.165785868864464	NA	18.782456952225573	18.830924425321392	19.383015606683784	19.504679596049783	NA	19.401884404618414	20.101345825105277	18.812921951094225	19.227898971521434
Q16891	2	IMMT	0.9905	21.765013439094385	21.956288226562354	NA	22.021131624128067	NA	22.050552350459633	21.053254686517093	22.044050926394732	21.730210204969705	21.425157874200934	22.46306118598829	21.765013439094385
Q2TAY7	1	SMU1	0.9963	18.053529899214873	17.590173115345134	19.032760529159653	19.122618764576774	19.756334812708488	19.09358289985138	18.62759520462488	19.91575521151869	17.91942905546817	19.044482628779903	18.773711092661518	18.053529899214873
Q3ZCQ8	1	TIMM50	0.9994	21.169074638511795	20.71824094014743	NA	20.880691807785322	20.386882660403558	21.468994112710526	20.472897399910146	NA	22.064862322634603	22.06366601012392	22.288001063958564	21.169074638511795
Q5T653	1	MRPL2	0.9867	21.000345605510713	20.024541252186854	NA	19.103238298668973	NA	21.24933598317982	19.7635856955522	20.622368233728608	21.050599467905723	23.413772550565717	21.405600814964625	21.000345605510713
Q6P161	1	MRPL54	0.9987	19.888895489938175	20.24607783715558	NA	20.624042273949065	20.192269415386495	20.052147983764108	19.96423017999611	NA	19.887797346385724	20.83851096380816	19.369646087049986	19.888895489938175
Q6ZNE5	1	ATG14	0.9606	14.034884916584913	13.681465607880599	NA	13.90564644925963	12.9011333533407	14.012044230495	13.478815028056612	13.097485153979699	14.988080595853713	15.980429627484959	14.791599875472329	14.034884916584913
Q7L8L6	1	FASTKD5	0.9949	16.685370106451142	16.60020510421106	16.91879256900872	16.46468244800576	NA	16.135814420361847	16.64808505271138	18.17585557693269	17.538520727953127	17.198179540494994	17.17468808022416	16.685370106451142
Q7Z2W9	1	MRPL21	0.9724	20.40598250981104	19.933094965787852	NA	NA	NA	19.882545751911092	20.29578116569147	NA	20.9219976691053	20.92048477074126	19.777368960533913	20.40598250981104
Q7Z7F7	3	MRPL55	0.9993	24.56025473245775	21.45587983241279	23.417234174327515	23.96254784156056	24.074243626754182	24.41122971920714	21.889018143402456	24.588000039738414	24.335932865912078	27.777827293157465	24.965708120105095	24.56025473245775
Q86UP2	4	KTN1	0.9991	21.276305430818972	21.495590831416116	NA	21.450594904599033	20.949034079755823	21.665807656138185	21.65468083068856	22.00355616231191	21.449649293546173	20.185816123865383	21.573376124348123	21.276305430818972
Q8IXM3	1	MRPL41	0.9601	22.157480785268685	20.68632484597593	NA	21.286271220118568	NA	NA	21.55783823715612	NA	21.858778304733136	23.88824502394619	22.640583964880662	22.157480785268685
Q8IYB3	1	SRRM1	0.9844	20.213763736301427	19.918878517923186	NA	20.59128173500056	19.901083701133214	20.227894899419972	21.237379315875504	NA	19.568423935985443	19.703063447005764	20.34285955116136	20.213763736301427
Q8N257	1	H2BC26	0.9414	22.19646487857236	22.426936013569584	NA	22.360993950843596	NA	22.8597018255193	21.688656698254533	NA	21.90963106143855	22.622661311362197	22.163364938473556	22.19646487857236
Q8N556	1	AFAP1	0.9996	22.01713939132673	22.81778392460168	NA	21.405305157640296	21.28048179717794	21.588373471662457	21.352592692446674	NA	20.358352579158137	NA	20.24063580152949	22.01713939132673
Q8N5N7	1	MRPL50	0.9995	23.461768633216998	19.972886083832176	NA	23.393606986083903	NA	24.30711911128437	20.97515436076653	24.073141990184382	23.25362119462852	26.271848877352976	23.96066661619315	23.461768633216998
Q8N983	3	MRPL43	0.9933	24.28058994930339	24.057586242535784	NA	24.864644421410244	22.198516509834864	23.82812225799525	23.758371825133338	23.402711849358383	24.787096236225743	26.03534953608881	23.69082718573474	24.28058994930339
Q8NBX0	1	SCCPDH	0.9815	21.018293434890087	21.599039208007778	NA	20.59781635335711	NA	20.7265074964613	20.73235948668275	NA	19.858486407574805	NA	19.191128469838777	21.018293434890087
Q8NCH0	1	CHST14	0.9918	16.53680284379553	16.440170308988495	NA	17.077998992104416	16.758646822637004	17.38629309032581	16.871454395540443	16.000109336166407	16.416841708615884	17.13694051257831	17.26458616942815	16.53680284379553
Q8TAE8	1	GADD45GIP1	0.9952	11.875841265046821	11.859858069111626	NA	11.830609997370344	NA	NA	11.35618398994756	NA	12.415808070864198	11.153208933353516	11.88746974402652	11.875841265046821
Q8TCC3	1	MRPL30	0.976	22.09036645560887	21.81130580584052	NA	21.738710918276137	NA	21.765989822111003	21.963730329839642	21.55299610376357	22.611348553265902	23.30978931947853	22.409753864441747	22.09036645560887
Q8TCS8	1	PNPT1	0.9192	17.11911990292003	17.56182686577129	NA	16.586802675888364	NA	16.02101656991786	16.915030327940993	16.13140376060077	17.361582400191825	17.091635828638054	17.25055054502234	17.11911990292003
Q8WXF1	1	PSPC1	0.9761	19.383629680969367	19.89563554467406	NA	19.363137096301134	NA	17.674878434988937	19.64878721180007	NA	17.704916317197043	17.792461279638594	17.6603379571898	19.383629680969367
Q92520	1	FAM3C	0.971	16.968162882293395	17.305353313778593	NA	17.41171507167943	17.11565294125886	17.80172482124649	16.94283199837892	16.20727612528315	17.494133323339323	17.02160005212393	17.23697735849026	16.968162882293395
Q92598	1	HSPH1	0.9897	18.780710761477113	18.963751888062063	NA	17.755547854569794	NA	17.530811608903953	18.295492355143075	NA	18.678337079441047	19.389424761955127	18.565282184928993	18.780710761477113
Q92665	1	MRPS31	0.9897	21.265880432071526	21.15219450449993	NA	21.698840952427712	21.24285305798224	21.664155237965183	20.95919306876672	22.16469011294923	21.755798406064933	22.435878374761774	22.096686215136152	21.265880432071526
Q92945	1	KHSRP	0.9978	22.287799502173986	22.562984414823003	NA	23.009790075338767	21.279840903333373	21.89517350259956	22.96137059904477	21.785071178483808	22.26230007487577	22.68887796591105	22.249763702676937	22.287799502173986
Q96A35	1	MRPL24	0.9755	24.108443418271097	23.210643669734456	NA	24.526372478590176	22.778213709436766	24.519080208764272	23.603557893361998	22.79728812754283	25.09774304733239	26.413799756336953	24.58236345474426	24.108443418271097
Q96C01	1	FAM136A	0.9883	19.91275165676365	20.363527826773737	NA	20.255161377638057	20.6243853465612	20.279184219476623	20.39080479989006	18.039486959872356	19.82902119491803	19.039526325487497	19.58928275291518	19.91275165676365
Q96DV4	3	MRPL38	0.9969	23.783546716114223	22.5309579946134	NA	23.76906769663344	23.320717859128756	23.408806940400726	24.54147646034246	21.490767524192563	24.21876169002009	25.83248818745448	24.209649993243566	23.783546716114223
Q96EL3	1	MRPL53	0.9625	21.799078506158374	18.996028333208848	NA	20.588640714252662	NA	22.10541675816973	18.919106833241525	22.076331086018122	21.932601921964494	24.874353008539998	22.49133313105796	21.799078506158374
Q96HS1	1	PGAM5	0.9991	22.75368658905225	21.994587062059814	NA	21.138238409170835	NA	24.399380010920193	22.057472599520693	NA	22.71064008113829	22.005975610827768	24.07153786294331	22.75368658905225
Q96I99	2	SUCLG2	0.9887	20.456689789172707	20.66933131914248	NA	20.795996290183044	21.19414477991333	20.34818860670724	20.20457766434525	NA	20.3971162064508	20.18803621096585	20.11700822699333	20.456689789172707
Q99426	1	TBCB	0.9513	19.39117421894802	19.465269714509613	NA	19.347129710274675	NA	18.82614350080869	19.85524038272368	NA	19.072726697570555	18.760208808452962	18.450090725926085	19.39117421894802
Q99460	1	PSMD1	0.9765	17.586054215607543	17.193763229842972	NA	18.453079490176442	NA	17.073588868705176	17.601607046645867	19.378773922834576	18.160757588494413	18.658239705100108	17.38049350258135	17.586054215607543
Q99497	2	PARK7	0.9975	21.476719855136054	21.622972725851024	NA	21.172526174106668	22.007224339555165	21.376532408200475	22.017583633278967	21.372233532546844	21.389925365025594	21.26166062227209	20.751793828403265	21.476719855136054
Q99590	1	SCAF11	0.9866	18.859400312021275	19.07653191335533	NA	19.37861734003871	18.73497158536281	18.13204520354681	19.47912603480795	NA	18.682198884853136	18.20243674979022	18.42553411942971	18.859400312021275
Q99623	20	PHB2	1.0	27.400072177870793	25.249048703233573	27.593549630696216	25.251524931378487	25.04090655480125	26.62224201092926	25.352768160580187	27.09424883655447	28.823439952565895	29.128042230945404	28.98048720226689	27.400072177870793
Q99729	1	HNRNPAB	0.9906	23.779672296479077	24.48039567816306	NA	23.759834879470183	NA	21.694916680459098	23.97974464298052	NA	21.81811451337647	20.637409477592623	21.32516758984857	23.779672296479077
Q99798	2	ACO2	0.9664	19.621397619793356	19.724943339485584	NA	19.716530484825235	19.372457000015398	20.063508401579806	19.99514880191703	18.63707259059625	20.079157341650948	19.202516448258717	19.758640135677624	19.621397619793356
Q99848	1	EBNA1BP2	0.989	20.385353591903225	20.571278270101956	NA	20.286441109504754	NA	19.764673649428207	20.99921706428975	NA	18.802083691330807	20.06070715014578	19.698392678482737	20.385353591903225
Q9BPU6	1	DPYSL5	0.9045	28.09216838403531	28.543182564872662	NA	27.885437164942715	NA	27.246706878478445	28.047099697674703	NA	26.583137995693253	27.62007496653147	27.297017957638566	28.09216838403531
Q9BPW8	1	NIPSNAP1	0.9596	18.80980517515651	19.030491065735635	NA	18.773261587035087	19.271848676008315	18.894596331631753	18.708097914238483	19.660050961904084	19.418398081989327	19.64638519644642	18.996865695250005	18.80980517515651
Q9BRJ2	1	MRPL45	0.9225	11.875841265046821	11.089162941716078	NA	12.325910598529115	10.463958003867846	11.557277108434514	11.553027846991144	10.984142882046077	12.901343165799833	13.91289754561943	12.396890547578229	NA
Q9BRQ6	1	CHCHD6	0.982	17.70056389309052	16.906583371280206	NA	17.434565707574155	NA	19.69592438972085	16.49895805128641	17.49792038987588	15.753676222399733	16.587231330577968	19.318361403920754	17.70056389309052
Q9BS26	2	ERP44	0.9941	21.090710448859387	20.859429252927804	NA	20.385590808274586	NA	21.53751485341199	21.104416434752373	NA	21.017459000534227	21.367778776543624	21.32572930591643	21.090710448859387
Q9BT17	1	MTG1	0.9912	17.638013452739244	16.96701906187764	NA	17.347060319520025	NA	17.48520032888267	17.283141481788526	NA	18.1140008251723	18.83541809550523	17.780402532744766	17.638013452739244
Q9BUQ8	1	DDX23	0.9938	19.110601543713535	19.470081845693624	NA	19.433732851705635	19.885872536375388	19.440825227725142	19.313885266355076	NA	18.49430785765208	17.742041222258	18.85328516941788	19.110601543713535
Q9BXP5	1	SRRT	0.9886	20.118651327512648	20.64759905966367	NA	20.38508152078178	NA	20.333189587391633	20.053087179453584	19.422615971725204	19.996232983528675	20.6145000601917	19.808757328087356	20.118651327512648
Q9BYD2	2	MRPL9	0.984	21.73061828745152	21.605264658448256	NA	22.25509135091521	22.050540983961056	21.758802342787593	21.591353740178924	20.873776879568066	22.20152751680976	22.774782086734604	22.14434028366512	21.73061828745152
Q9BYD3	1	MRPL4	0.9957	16.074973157413325	15.51797094896744	NA	16.513684326483116	17.07011241246839	15.577681100791088	16.339385376690476	NA	16.281893749190072	16.0769712204718	16.13437759045388	16.074973157413325
Q9BYN8	1	MRPS26	0.9562	23.737165682104706	22.758026192147156	NA	23.98610766127235	NA	24.880110992779247	23.771822620837945	NA	23.844721936727513	24.81902841456354	24.122954426513644	23.737165682104706
Q9BZE1	3	MRPL37	0.9974	25.3136190325158	23.97381459719224	23.667209921708636	26.46180945097265	23.89666120114854	25.000571171818546	24.121072722531494	25.30987817706464	27.368579045906507	27.27755550356809	25.474074386849615	25.3136190325158
Q9H0U6	2	MRPL18	0.9997	25.534014086601267	24.762046555906654	NA	25.536937466136855	24.468271340236445	25.907132392290197	24.440406587389145	24.201286895187447	25.762138903782674	27.932441663403235	25.999496847925506	25.534014086601267
Q9H2W6	5	MRPL46	1.0	25.33037756325402	23.76676828200297	24.273373242299066	25.255789676495652	24.5260765108781	25.823206307985966	24.14019001111497	25.086612813250937	25.357636999441883	28.172371664192863	25.9572285283208	25.33037756325402
Q9H307	1	PNN	0.9942	18.087832366428845	18.2086914118621	NA	17.60063315016035	17.937754718160026	16.889007246674772	18.450476714956462	NA	17.96596967497832	NA	17.593318814230656	18.087832366428845
Q9H444	1	CHMP4B	0.9966	19.450492101031728	17.912665844368355	NA	17.944804239316447	18.77276863106254	22.157892188217385	18.131940820918544	19.396124613929473	18.247127409627925	18.177968987597254	21.731791379542816	19.450492101031728
Q9H5Q4	1	TFB2M	0.9655	14.171427287240078	14.094717483816577	NA	14.09581804774671	15.108438031707296	14.123361887407265	15.086950495296072	NA	13.997747588928283	13.806711082168949	13.829101384813754	14.171427287240078
Q9H9B4	1	SFXN1	0.9972	20.123949429544034	19.932770642421456	NA	NA	NA	20.46999848789759	19.82869168226952	NA	20.355041155290742	18.72231268851775	19.834043204260595	20.123949429544034
Q9H9J2	1	MRPL44	0.9962	22.01120783917717	19.99814331275268	NA	20.87377527474956	NA	21.35775110105525	20.507455542500804	22.212945882987423	23.05941251430305	24.564214913683127	22.796265490504076	22.01120783917717
Q9H9Y6	1	POLR1B	0.9833	16.090363876701026	15.906753066344686	NA	16.368987145062125	17.25334390196215	16.419752514521537	16.40499900361627	17.02462670749825	16.14923440488578	17.122103886969068	16.437908592245407	16.090363876701026
Q9HAV7	2	GRPEL1	0.9994	22.475272925954666	23.177467029115764	NA	22.988019140452813	21.637950527629986	23.55027139632085	22.195117840753547	22.84391993114838	22.080251455644397	21.580199828201753	21.71466496675548	22.475272925954666
Q9HCN8	1	SDF2L1	0.9868	13.50846703105315	13.720379959117455	13.415649430236696	14.045916628383221	13.660063853414082	13.593315874246082	13.853418525445665	12.586620498482969	13.191296433032608	13.98907253207749	14.11035628214352	13.50846703105315
Q9NNW7	1	TXNRD2	0.9859	16.199667744398415	16.721340229884408	NA	15.67451897129476	16.9855897351514	16.681899504141445	16.31872172409445	17.48282520175751	15.982881815659846	16.12133555800363	15.562178785489612	16.199667744398415
Q9NP72	1	RAB18	0.9468	18.531421864821137	18.589099737977808	NA	19.305493747355687	18.2241234240429	18.378987953899834	18.32485582834049	NA	18.48170174004174	19.525035834958917	18.74698400131931	18.531421864821137
Q9NRX2	1	MRPL17	0.985	22.058292631716725	20.836379377062627	NA	22.40414608936658	21.49792244550811	21.846709099497907	21.103868438914084	20.696387602107922	23.121584909205115	24.377084138708312	22.94497618337017	22.058292631716725
Q9NSE4	1	IARS2	0.9874	18.347712624032173	18.028043350819313	NA	NA	NA	18.584736508734675	17.195182512669696	NA	18.511472093115593	18.19248766355794	NA	18.347712624032173
Q9NVH1	1	DNAJC11	0.9734	20.277183260278292	19.76193155475056	19.23746764088832	19.827814267694514	19.813473364933724	20.823285271185785	21.533201753014772	18.35608492159783	20.072626922663673	20.69532936958359	21.43467497763933	20.277183260278292
Q9NVS2	2	MRPS18A	0.995	22.52094343757584	22.009761894935437	NA	21.89177326097607	22.984669201034716	21.843421364829187	21.936927150689105	NA	23.148420631386365	24.481437495624075	22.420152137091247	22.52094343757584
Q9NWU5	1	MRPL22	0.9976	19.849543309839344	18.546535437021888	NA	18.7097883510298	18.837141527865324	19.377055156879305	19.285096093537312	19.83278747454367	21.077445672179294	21.7394828240994	21.05010837152521	19.849543309839344
Q9NX20	2	MRPL16	0.9878	21.740385135104233	21.291572473664374	NA	21.778181509517264	21.275290034321767	21.89993028177802	21.204849178690917	22.402932001515307	22.415084184713546	23.566596275526905	21.793423643003205	21.740385135104233
Q9NX63	4	CHCHD3	1.0	25.884945661765553	22.603071705814934	24.44717516682992	23.95242233685911	24.946304545245408	28.8820728942215	24.684876870262812	24.997665605018064	25.130645170359255	25.59564593079879	28.25967024268417	25.884945661765553
Q9NY93	1	DDX56	0.9948	18.369886015716144	18.66116475164695	NA	18.830173549476328	NA	18.17198783794146	18.732781383843893	NA	18.097166917970366	17.58702784344126	17.222968346161192	18.369886015716144
Q9NYK5	4	MRPL39	1.0	25.60164619882538	24.77313799786174	NA	26.329285977083508	25.095176914232955	25.49069689699126	23.84874473259635	25.982688503426036	25.709001844103287	27.97148233109282	25.65661394064696	25.60164619882538
Q9NZM1	4	MYOF	0.977	22.804879928647935	22.39382183351793	NA	21.381344421578895	22.825245597571293	21.982526121825767	21.801738641001013	NA	23.134201021550588	24.749102488511756	22.67237369653802	22.804879928647935
Q9P015	1	MRPL15	0.9925	17.29347507791273	17.634685766084978	17.005329850053183	16.62755877769493	16.814319356419777	16.61852764994561	16.17112167364721	16.541013359527597	17.760988020028325	18.62379241330082	17.88509762030156	17.29347507791273
Q9P2E9	5	RRBP1	0.9996	22.389898269586865	22.517018907989236	NA	21.809434800026647	NA	21.70267262200692	22.704613846514174	NA	21.68128993449433	21.638680499025085	22.01991335022122	22.389898269586865
Q9UBR2	1	CTSZ	0.9958	21.410792460954088	21.60248916590053	NA	20.905187170783925	20.380940263299355	21.470765941557147	21.897838854599446	NA	21.76590718367678	21.185644040942616	20.906374903366167	21.410792460954088
Q9UJZ1	2	STOML2	1.0	22.512045180773427	21.880567009763894	NA	23.019452335515822	22.97319995620516	22.980563644271506	21.70481017532923	21.269376628242778	23.316703079274294	23.402334152362393	23.016239695663298	22.512045180773427
Q9UKM9	1	RALY	0.9996	21.010182654378458	21.010182654378458	NA	21.43735523059356	NA	20.287204294339475	20.54527676428824	19.188419593954894	21.672028618553203	22.038839625873734	21.432707578628687	21.010182654378458
Q9UQ80	2	PA2G4	0.9516	22.504518296252897	22.792881229736302	NA	23.074150127326064	21.7640319335428	22.111672743147828	22.83105294150976	21.47587591851045	22.205320564179097	21.961485920310444	21.99395158650189	22.504518296252897
Q9Y230	1	RUVBL2	0.9884	17.375520047350136	17.113579860017996	NA	18.640101933359237	NA	16.705421573804294	17.166077936641653	NA	17.606604766408243	17.32116013158149	17.66747174830962	17.375520047350136
Q9Y277	1	VDAC3	0.9979	21.218697732911448	20.313440959367025	NA	NA	21.364880659360473	22.398091646204268	20.147051690378532	NA	20.78086949362065	20.715306239772865	22.450433251071026	21.218697732911448
Q9Y2R0	1	COA3	0.9954	20.827206617040297	20.31182509969242	NA	NA	21.106485841598392	21.28084035104971	21.050599550744323	NA	20.775891870813034	20.698846025143272	21.55743828166845	20.827206617040297
Q9Y2R5	1	MRPS17	0.9989	18.52929909699977	17.54117545717411	NA	19.220707097956417	NA	18.507860453499656	18.558967618284232	NA	19.237357475441907	18.8497872056693	18.589433583817232	18.52929909699977
Q9Y399	1	MRPS2	0.9911	17.74962559332032	16.948305600046748	NA	18.21919347981063	NA	17.779771422630102	17.3611479479959	NA	18.315293257031072	18.919945619835694	17.731807730831424	17.74962559332032
Q9Y3B7	1	MRPL11	0.9921	24.630371120760767	23.694866209874068	NA	24.799467436133998	24.66351580028615	24.96256683751446	23.84789066259151	24.658116428041435	25.366101950915645	26.931231856773245	25.292180243820937	24.630371120760767
Q9Y3C1	1	NOP16	0.9556	19.435664284620188	20.184864883627252	NA	19.395630475695075	NA	19.16862776193336	20.334775886706872	NA	18.993064154628286	17.727593583649444	18.38167087591642	19.435664284620188
Q9Y3D9	2	MRPS23	1.0	19.504566945448556	19.055637034812637	NA	19.00051113105092	19.24934745177883	20.549630455478262	19.13631299710089	19.159370607471054	19.249926217334107	20.582354258494266	20.060351492258736	19.504566945448556
Q9Y512	1	SAMM50	0.9578	22.387477463445904	22.61718430389818	NA	22.49332631548142	21.619695525648677	22.264221452268668	22.549171833812238	NA	22.200552392491087	21.955981507666387	22.693587537269174	22.387477463445904
Q9Y6M5	1	SLC30A1	0.9753	18.13074974458329	18.379477659809172	NA	18.753855802931536	NA	17.47017702604538	18.629511504182393	18.440756146634527	17.593234548666988	17.628141891847513	17.554730911673076	18.13074974458329
